word,count
und,3283969
die,2934733
der,2820787
sie,1235120
den,1226700
das,1168966
ich,980260
von,960661
sich,920796
mit,891327
nicht,883065
ein,804815
dem,762247
auf,735640
ist,688432
war,536298
eine,533028
wie,527055
aber,493973
im,456483
auch,451030
aus,373395
nach,368325
noch,350179
für,319672
wenn,288271
wir,288187
gesperrt,282612
ihr,282006
durch,279825
einen,278841
ihm,278332
hatte,277884
mir,274303
sein,266952
bei,259676
oder,239535
einer,238091
ihn,236743
einem,236479
über,232342
hat,230236
mich,224961
vor,223780
doch,214116
sind,210867
seine,202220
wird,197883
werden,194719
zum,181365
dann,180966
diese,179469
haben,176805
wieder,170964
schon,162198
ihre,159371
dieser,152983
zur,149407
unter,141709
selbst,137292
seiner,136051
sagte,134019
bis,133703
ganz,131135
wurde,131105
jetzt,129510
sehr,128345
ihnen,119256
immer,119131
seinen,110257
eines,108497
nichts,106136
ohne,106070
etwas,102501
wohl,97506
gegen,96685
meine,94754
ihrer,92636
seinem,89013
ihren,87637
einmal,80919
konnte,79456
keine,79379
viel,74648
sondern,74521
können,73904
zwei,73578
diesem,71999
dieses,71867
muß,71227
kein,69092
dich,69079
diesen,68837
ob,68191
dass,65673
würde,64838
während,64718
gut,63197
wollte,62401
dort,61399
wäre,60620
zwischen,59538
erst,58787
machen,58480
soll,58131
großen,57321
ihrem,57198
gewesen,55630
sagen,54264
sehen,54134
ins,53538
damit,52800
wurden,52642
vielleicht,50752
weiß,49538
weiter,48863
jahre,48163
gleich,47342
sollte,47330
eben,46469
euch,46067
ersten,45964
wenig,45747
mußte,45279
ließ,45269
seite,44758
drei,44300
große,43904
meiner,43437
darauf,43103
stadt,42929
werde,42847
zurück,42807
heute,42526
weit,42464
einige,42393
kommt,40515
beim,40449
macht,39877
endlich,39865
dabei,39693
seines,39163
meinen,39106
müssen,39019
dazu,38562
geht,37630
gehen,37014
machte,36956
gesicht,36671
sprach,36229
hinter,35812
nahm,35104
seit,34726
davon,34650
viele,34311
ende,34062
fragte,33905
geben,33179
hast,33120
plötzlich,32351
haus,32201
etwa,32150
keinen,31811
stehen,31098
meinem,30924
gibt,30143
steht,29781
wirklich,29589
später,29364
hielt,29102
fand,28971
neben,28834
blieb,28274
jahren,28101
zusammen,28009
letzten,28007
arbeit,27858
liegt,27788
könnte,27623
könig,27507
erste,27361
sagt,27150
stimme,27004
wußte,26989
leicht,26986
ihres,25987
wegen,25923
nehmen,25865
oben,25443
jedoch,25358
nachdem,25358
darüber,24887
überhaupt,24526
dein,24445
gute,23892
gesehen,23711
guten,23570
teil,23514
lieber,23094
gesagt,22886
glauben,22808
fuhr,22650
dadurch,22595
gehört,22548
sohn,22545
möglich,22414
weniger,22336
bereits,22258
zog,22138
natürlich,21995
deine,21982
halten,21954
hörte,21944
bleiben,21904
fraün,21788
besser,21686
frage,21686
sieht,21275
saß,21101
früher,20633
männer,20462
gern,20314
gewiß,20079
zugleich,19883
dafür,19804
stunden,19760
würden,19644
setzte,19423
schnell,19314
erhalten,19255
hoch,19238
gegeben,19227
nächsten,19162
ehe,18996
möchte,18906
uhr,18871
eigentlich,18763
vielen,18736
sprechen,18608
dagegen,18575
fühlte,18215
heißt,18031
gegenüber,17814
glaube,17628
hören,17420
jahr,17148
körper,17044
großer,17018
kirche,16979
könne,16871
bleibt,16714
konnten,16693
überall,16553
platz,16493
wahrheit,16265
ruhe,16217
findet,16201
legte,16180
unten,16154
gefühl,16101
fragen,15812
gefunden,15709
einzelnen,15681
meines,15588
seiten,15568
bitte,15564
tisch,15400
deutsche,15399
stück,15187
führte,15075
außer,15064
sicher,14822
kurz,14794
sollten,14751
sowie,14386
bekannt,14275
keiner,14237
meisten,14143
schließlich,14099
übrigen,14095
schlug,14089
halb,14058
nahe,13893
mehrere,13886
geschehen,13823
letzte,13722
lieben,13645
fünf,13633
erschien,13534
selten,13498
durchaus,13486
einigen,13476
wollten,13472
zeigte,13288
glücklich,13155
zeigen,13140
zweiten,13137
deutschland,13106
einst,13101
allgemeinen,13094
fuß,13023
zunächst,13005
suchte,12959
nimmt,12787
folgen,12720
dieselbe,12697
meist,12651
wären,12645
zeiten,12640
ausdruck,12625
draußen,12624
entgegen,12591
einzige,12578
vorher,12523
bedeutung,12508
aufs,12460
regierung,12390
dasselbe,12316
glaubte,12310
zeigt,12242
rücken,11971
jemand,11894
wahrscheinlich,11849
genannt,11794
ebenfalls,11778
müsse,11735
bestimmt,11729
reihe,11672
führt,11647
namentlich,11631
richtung,11616
einfach,11550
arbeiten,11549
freiheit,11542
gewöhnlich,11497
hinauf,11469
zweite,11363
zahl,11259
zehn,11198
wirst,11164
zeichen,11152
vgl,11144
gefahr,11134
raum,11112
lächeln,11077
erscheinen,11073
stellte,11015
mußten,10973
meister,10971
dürfen,10939
besteht,10937
folge,10904
gehalten,10902
gefallen,10841
erwiderte,10775
deutlich,10757
vielmehr,10715
ziehen,10693
spricht,10671
häufig,10643
sechs,10622
sogleich,10512
hoffnung,10510
verstehen,10504
deinen,10484
unmöglich,10446
obgleich,10398
erzählte,10359
deiner,10356
gewalt,10263
rechts,10224
kannst,10197
sehe,10149
wochen,10133
hält,10130
schiff,10018
hilfe,10016
ordnung,10016
frankreich,9975
wirkung,9936
schrieb,9896
länger,9810
eins,9809
erfahren,9788
erscheint,9755
erhob,9752
meinung,9685
sitzen,9670
gleichen,9652
beispiel,9628
folgenden,9611
vollkommen,9610
habt,9570
weißt,9561
zug,9555
zuletzt,9523
fällt,9522
zweifel,9505
herzog,9409
gesetzt,9407
entfernt,9402
geschrieben,9357
gestern,9344
schiffe,9340
sowohl,9319
erreicht,9275
dieselben,9219
geblieben,9184
verbindung,9161
einzelne,9148
erzählt,9059
früh,8979
erhielt,8978
erzählen,8973
englischen,8971
dunkel,8900
wenige,8900
schule,8890
freundlich,8802
gegend,8782
großes,8760
eindruck,8746
höchst,8717
deinem,8713
könnten,8698
helfen,8577
größten,8569
jedenfalls,8568
erscheinung,8547
müßte,8521
weiße,8500
muss,8491
mögen,8479
gewisse,8457
spiel,8433
folgte,8426
verhältnisse,8356
lächelte,8349
wobei,8347
füßen,8345
ließen,8320
tiefen,8283
absicht,8255
trägt,8237
tut,8174
bereit,8165
vorüber,8155
spielen,8143
einzigen,8124
gegenstand,8104
hört,8097
kannte,8086
täglich,8071
wirklichkeit,8068
wohnung,8031
wissenschaft,7988
erfahrung,7977
jahrhundert,7939
zustand,7935
lehrer,7931
hieß,7911
erklärte,7894
heißen,7867
neüs,7844
haupt,7817
anzahl,7815
sieben,7809
größe,7789
jahrhunderts,7749
fehlt,7729
geführt,7719
blätter,7699
gesetz,7699
entwicklung,7684
französischen,7684
tiefer,7684
allmählich,7680
ähnlich,7671
einfluß,7604
geschah,7597
zieht,7514
linie,7503
weitere,7472
setzt,7466
bäume,7447
pflicht,7442
spät,7421
arzt,7412
lebt,7407
keinem,7395
schaffen,7395
eher,7367
erster,7341
vollständig,7307
aufgabe,7305
neu,7266
lehre,7260
fahren,7235
vorstellung,7233
außerdem,7223
gelegt,7219
schwarze,7194
lebte,7183
dritten,7175
häuser,7171
erschienen,7164
möglichkeit,7159
nennt,7132
ansicht,7127
besuch,7087
königs,7081
preis,7061
saßen,7034
mußt,7025
gestellt,7015
straßen,7011
sieh,7003
braucht,6985
öffnete,6974
opfer,6966
breite,6953
arbeiter,6912
blieben,6897
erreichen,6891
künstler,6879
stellt,6834
trieb,6829
hindurch,6826
bestimmten,6815
erfolg,6786
nötig,6773
erklären,6751
folgende,6740
worauf,6736
einiger,6700
grünen,6694
enthält,6688
gehe,6688
kurze,6673
darstellung,6669
gaben,6666
teils,6664
möge,6656
stimmen,6652
geb,6626
teile,6626
herein,6618
königin,6616
erklärt,6594
geschieht,6571
fühlen,6569
sag,6565
vermögen,6559
bestehen,6540
ungefähr,6527
ohr,6523
besitz,6518
letztere,6518
größere,6512
befehl,6509
stieß,6505
erwarten,6500
bekannten,6485
stimmung,6458
höher,6457
hinüber,6441
drückte,6415
heut,6411
glaubt,6403
sucht,6396
keineswegs,6394
schlafen,6384
verließ,6379
gestalten,6359
sicherheit,6346
größte,6330
versuch,6330
siehe,6319
entfernung,6301
scheinen,6295
vorwärts,6278
aufmerksamkeit,6251
früheren,6249
ansehen,6248
müde,6238
küste,6234
gebiet,6233
erkannte,6223
gehören,6218
wollt,6218
verhältnis,6209
enthalten,6207
erfüllt,6182
gerne,6182
nahmen,6171
starb,6155
gleiche,6133
gleichfalls,6118
höchste,6082
weiten,6054
druck,6041
bücher,6038
bezeichnet,6024
lächelnd,6010
besitzen,6009
betrachtet,6008
beschäftigt,5999
pfarrer,5997
gleichzeitig,5993
blaün,5983
einheit,5963
wünsche,5946
sitzt,5943
ecke,5902
folgt,5877
engländer,5870
flüsterte,5856
bestimmte,5839
kreise,5834
füße,5821
herrschaft,5815
halbe,5790
übel,5789
drüben,5788
hierher,5778
größer,5773
siehst,5770
versteht,5761
dritte,5756
erscheinungen,5754
besitzt,5742
englische,5737
leichter,5734
kehrte,5719
liebte,5714
weite,5709
aufmerksam,5708
infolge,5706
gebrauch,5705
legt,5697
gänzlich,5681
führer,5668
besonderen,5664
nannte,5659
wünschen,5635
inzwischen,5633
versuchte,5633
erklärung,5626
laufen,5624
gesetze,5601
bevölkerung,5561
gleicher,5561
sagten,5555
brauchen,5553
überzeugt,5553
erhoben,5552
woche,5545
wirken,5542
aussicht,5530
umgebung,5530
bestimmung,5482
sollst,5440
zustande,5419
glanz,5405
letzteren,5361
wahre,5360
wodurch,5358
märz,5349
geschäft,5346
spielte,5341
zuvor,5335
halben,5332
dürfte,5317
schlagen,5311
geschickt,5306
länge,5291
höheren,5284
getragen,5280
faßte,5267
römischen,5266
betrachtete,5263
geschlossen,5259
tische,5254
voraus,5249
möglichst,5241
soweit,5236
empfangen,5223
höre,5202
beginnt,5200
bürger,5181
gehörte,5176
gerichtet,5175
schreibt,5152
schwieg,5142
staaten,5140
bau,5134
befindet,5134
ergriff,5132
nickte,5131
stücke,5121
laßt,5103
gegensatz,5085
schluß,5085
kopfe,5064
hügel,5052
fehler,5047
woher,5037
freundschaft,5036
seitdem,5034
gegenstände,5032
gefühle,5027
vorstellungen,5025
richtete,5014
annehmen,5004
verschwunden,4991
leidenschaft,4990
schließen,4985
süden,4960
hierauf,4956
gewöhnlichen,4953
halte,4949
hauptsächlich,4944
deutscher,4943
reichte,4932
kreis,4929
männern,4927
wahren,4926
flügel,4896
vögel,4886
größeren,4882
versuche,4879
kapitän,4862
grün,4859
heutigen,4857
jäger,4854
gefahren,4845
französische,4844
bedeutet,4828
erzählung,4824
schlag,4823
zwecke,4819
versetzte,4815
jüngling,4808
inseln,4801
fehlte,4798
güte,4797
geschlagen,4792
befinden,4782
wahl,4781
lässt,4777
satz,4773
danke,4772
rufen,4766
empfand,4764
brauchte,4750
irgendwo,4750
punkte,4742
jahres,4740
erwähnt,4739
stürzte,4739
könige,4734
küche,4729
liebt,4717
zahlreichen,4711
erheben,4710
lösung,4700
vielfach,4700
gebiete,4687
usw,4687
versucht,4667
zusammenhang,4654
ankunft,4646
weiteren,4645
erkannt,4642
gründen,4641
seht,4638
verfahren,4612
landschaft,4600
sieg,4600
vieles,4566
bewohner,4555
aufgenommen,4554
erhält,4547
nächste,4545
mächtigen,4544
wesentlich,4540
fehlen,4534
bedarf,4529
könnt,4511
gelten,4495
mehreren,4495
sogenannten,4493
schüler,4487
bäumen,4454
umgeben,4451
hängen,4447
tätigkeit,4435
fügte,4426
laufe,4426
kloster,4422
außen,4421
haltung,4417
gesundheit,4393
erwartet,4389
aufenthalt,4387
nahrung,4387
zahlreiche,4385
geändert,4383
unterhaltung,4372
kurzer,4365
einfachen,4363
erfuhr,4338
behalten,4320
geschaffen,4320
jenseits,4306
besuchen,4302
empfindung,4298
gleichgültig,4298
drehte,4284
verzweiflung,4276
öffentlichen,4273
urteil,4269
fragt,4259
meint,4256
schlägt,4256
vorn,4244
einzig,4238
erziehung,4231
einfache,4227
früchte,4213
prinzessin,4213
wußten,4212
verhalten,4202
dunkeln,4184
schwert,4182
küßte,4179
linien,4178
reiter,4172
weisheit,4172
geschlecht,4171
sammlung,4162
ausführung,4160
gefangen,4160
angriff,4151
jemals,4151
gefaßt,4149
zweimal,4142
vorsichtig,4139
zweiter,4135
sichtbar,4133
zahlen,4129
daneben,4126
selbstverständlich,4109
unterscheiden,4108
kreuz,4105
rücksicht,4100
fürchten,4096
geworfen,4091
getrieben,4083
benutzt,4079
gebäude,4069
hinweg,4069
angenehm,4064
gegenteil,4063
bekannte,4062
wahrhaftig,4062
geburt,4061
außerordentlich,4060
entstehen,4052
gebraucht,4046
hauptstadt,4030
verhältnissen,4028
eigentliche,4023
körpers,4015
offizier,3999
zähne,3997
ähnliche,3992
verfasser,3984
herauf,3983
entschlossen,3976
auffassung,3955
ergeben,3950
hülfe,3940
großmutter,3939
erstaunen,3936
persönlichkeit,3934
griechen,3925
heiß,3924
äußerst,3923
begleitet,3922
thätigkeit,3921
russischen,3920
schob,3917
steckte,3915
schwierigkeiten,3910
griechischen,3907
zeitung,3907
wirklichen,3906
lehren,3900
eigentlichen,3892
stehenden,3892
frische,3891
einsamkeit,3875
ausnahme,3871
wohnen,3871
bezug,3868
behaupten,3867
äußeren,3858
spanien,3856
ergriffen,3853
einziges,3848
verstehe,3846
aussehen,3843
beständig,3838
erhebt,3832
entschluß,3830
umsonst,3829
hübsch,3828
gebaut,3819
kaufmann,3813
oberfläche,3791
vieler,3784
provinz,3772
teilen,3772
daselbst,3771
dazwischen,3771
fühle,3769
vergebens,3764
unterbrach,3763
spielt,3755
lauf,3748
nutzen,3747
wirkt,3747
gegenden,3743
ängstlich,3742
leichten,3742
frühling,3731
erstenmal,3729
pflegte,3722
mächtig,3719
rückkehr,3712
müßten,3704
folgten,3698
stehe,3697
beobachtet,3695
weiteres,3695
gesichter,3690
setzten,3689
gesang,3678
burg,3673
kurzem,3671
zufällig,3669
gemeinde,3663
fälle,3657
bedeutend,3656
häusern,3656
aufregung,3652
fürchtete,3650
aufnahme,3649
betrifft,3638
liefen,3638
fährt,3636
maß,3636
sitz,3636
verwendet,3632
wiesen,3632
späteren,3630
sonntag,3620
achtung,3618
blättern,3609
wirft,3607
nehme,3599
merkwürdig,3583
unternehmen,3581
gründe,3580
weit,3574
streckte,3573
gewaltigen,3569
bestimmen,3568
entdeckt,3558
kämpfen,3544
beamten,3543
zeigten,3539
offiziere,3538
gewöhnt,3534
fernen,3528
wirt,3525
lediglich,3523
schützen,3516
zuckte,3515
wirkliche,3511
bischof,3510
suchten,3506
hörten,3503
alsdann,3499
eintritt,3498
führten,3492
schaün,3490
erfahrungen,3489
gefangenen,3486
möchten,3485
höhere,3483
umstände,3483
gewußt,3482
sollt,3481
eingang,3479
unglücklichen,3478
abgesehen,3477
annahme,3477
pflegt,3477
erblickte,3473
geschäfte,3472
gerechtigkeit,3469
wüste,3468
überlassen,3460
läuft,3447
blüten,3440
ältesten,3439
fürchte,3439
entsteht,3436
unruhe,3429
berühmten,3428
römer,3428
falsch,3427
musste,3427
angesehen,3417
mitglieder,3417
gewohnheit,3416
geistlichen,3415
gelehrten,3413
vornehmen,3412
deutsch,3409
geöffnet,3408
riefen,3408
selben,3408
ordentlich,3407
ursprünglich,3406
erlaubt,3402
kleidung,3401
äußere,3399
wände,3395
genuß,3389
beschlossen,3382
maße,3381
stufen,3379
außerhalb,3359
verlag,3355
gefällt,3351
aufrecht,3347
einrichtung,3347
hinsicht,3347
erreichte,3344
reichlich,3343
unbedingt,3336
ansichten,3333
dreißig,3331
märchen,3331
getrennt,3328
unterwegs,3326
erwartete,3325
vorzüglich,3325
notwendigkeit,3324
berührung,3315
bewußt,3312
nahen,3312
daür,3309
verändert,3307
ahnung,3297
ausgeführt,3294
spanischen,3293
überzeugung,3293
geliebte,3289
daürte,3288
hochzeit,3286
versprechen,3286
betrachtung,3283
öffnen,3283
vergeblich,3283
eintreten,3279
berichtet,3278
gebet,3276
rechnung,3274
erschrocken,3267
silber,3264
gewohnt,3260
fortwährend,3257
kaufen,3251
lehnte,3249
tatsächlich,3248
gesucht,3247
schriftsteller,3246
versetzt,3244
versammlung,3235
anzunehmen,3219
zeugen,3216
gipfel,3214
wohnte,3214
beruf,3213
dunkelheit,3207
gelebt,3203
behauptet,3199
einsicht,3198
heiße,3195
bezahlen,3193
schwäche,3192
leichte,3186
auftreten,3171
herüber,3158
treibt,3153
geräusch,3146
erlauben,3145
verschwinden,3139
veränderung,3130
möglichen,3122
sogenannte,3115
gelegentlich,3114
ausgesprochen,3099
brauche,3089
stecken,3089
weich,3083
anzusehen,3081
auflage,3080
dieß,3080
universität,3075
verbreitet,3074
benehmen,3072
verfügung,3071
erfüllen,3068
erlebt,3066
königlichen,3062
leitung,3059
zeitungen,3056
berührt,3053
genannten,3043
gefährlich,3040
ausgabe,3036
einziger,3035
römische,3032
fische,3030
durch das,3021
besetzt,3015
verlauf,3012
ewigkeit,3010
bedeuten,3000
bedeutende,3000
leiche,2991
süße,2991
besuchte,2989
reichtum,2988
mächtige,2986
bezeichnen,2983
heiter,2983
fuße,2976
umgekehrt,2974
frischen,2972
verschaffen,2971
fähig,2953
beschreibung,2948
zweige,2945
beobachtung,2943
gruß,2941
wächst,2939
küssen,2937
regie,2933
andererseits,2931
lieder,2931
vorkommen,2931
schrecklich,2930
gewann,2927
aufgestellt,2920
schnitt,2915
arbeitete,2914
fünfzig,2914
stufe,2894
gemälde,2888
flüssigkeit,2883
gefragt,2883
schließt,2880
frühstück,2879
verfolgt,2879
glücklichen,2873
vorschlag,2864
entsetzen,2863
ausschließlich,2859
gemeinen,2858
deutschlands,2851
verzeihen,2847
bekommt,2844
persönlich,2844
bezahlt,2843
gemeint,2843
steckt,2843
dampfer,2837
schwelle,2834
vorteil,2833
bleibe,2828
ältere,2826
verkauft,2825
lösen,2820
gemäß,2819
entscheidung,2818
besorgt,2816
spannung,2816
büchern,2813
verwendung,2813
turm,2809
betrug,2805
klopfte,2791
unglücklich,2786
auftrag,2783
nächte,2782
erzeugt,2778
höhen,2778
gewählt,2775
erfüllte,2769
unteren,2769
unterricht,2768
wehe,2768
beispiele,2767
reicher,2764
ähnlichen,2762
gefiel,2761
gespielt,2761
vorläufig,2761
süß,2758
kampfe,2752
schiffen,2752
reicht,2750
zerstört,2747
kirchen,2740
bereitet,2738
vergleich,2737
gedächtnis,2735
bekanntschaft,2734
wurzeln,2733
zweites,2733
einwohner,2730
rückwärts,2725
keines,2722
wesentlichen,2719
vereinigt,2717
brannte,2715
vergnügt,2714
erkennt,2713
bleich,2712
bewunderung,2711
überaus,2710
jahrhunderte,2708
beschäftigung,2706
vorsicht,2704
eigenschaft,2703
graben,2701
vereinigten,2699
befestigt,2694
hilft,2694
ausgang,2689
erwähnten,2686
erschöpft,2680
vernahm,2680
großvater,2679
dezember,2677
bezeichnung,2674
verfolgen,2673
begleiten,2671
auflösung,2669
gekleidet,2668
beobachtungen,2666
geschwindigkeit,2665
unbekannt,2657
gewöhnliche,2656
nachbarn,2655
unbekannten,2655
entspricht,2651
hierbei,2651
bloßen,2650
verein,2649
gewissermaßen,2646
erfüllung,2631
dürfe,2629
hübsche,2627
überdies,2625
gesinnung,2622
lüge,2620
erwartung,2618
dämmerung,2617
gekannt,2612
sohnes,2611
liefern,2605
wohnt,2605
wurzel,2603
heisst,2601
trennung,2601
gegebenen,2598
erschrak,2596
winkte,2596
auftritt,2592
entstehung,2588
überlegen,2584
spaß,2575
südlichen,2575
angelegt,2573
gewähren,2572
gewaltige,2567
vierten,2565
beträgt,2563
älteste,2560
wichtigkeit,2559
besitzer,2558
süßen,2558
eingeführt,2554
wissenschaftlichen,2554
unterstützung,2553
kreisen,2552
beschränkt,2551
sagst,2551
jahr,2550
entsprechend,2548
verwaltung,2547
wänden,2547
eingerichtet,2543
schweden,2539
glückliche,2538
gerufen,2537
gestehen,2536
genügt,2535
angesicht,2531
verwirrung,2531
besucht,2530
herstellung,2530
vereinigung,2528
wählen,2523
preußischen,2519
gewachsen,2513
zeug,2512
jährlich,2511
verfassung,2511
zweier,2511
schlosse,2508
verkaufen,2506
überzeugen,2505
platze,2504
verschlossen,2502
umfang,2500
ausgezeichnet,2499
berufen,2499
angaben,2494
reiten,2489
berühmte,2488
erfolgt,2486
erfreut,2486
wüßte,2486
ausdehnung,2482
spiele,2480
gewährt,2476
schauspiel,2476
pläne,2473
träger,2471
persönlichen,2470
zustände,2467
gearbeitet,2466
befreit,2465
gebrauchen,2460
erfindung,2458
schlich,2458
buchstaben,2451
erfolge,2449
einigermaßen,2448
erwiesen,2446
legten,2446
aufgehoben,2444
vorgänge,2442
wirkte,2440
wirkungen,2435
betragen,2433
auffallend,2432
höhle,2432
befriedigung,2431
kutscher,2428
amerikanischen,2427
zurückgekehrt,2427
packte,2426
provinzen,2426
dichtung,2424
schweiz,2422
einzelheiten,2419
ausbildung,2418
erwiederte,2418
trafen,2413
beobachtete,2412
begleiter,2408
drückt,2398
lächerlich,2396
vorwurf,2395
beweise,2394
russische,2392
erreichten,2389
folgendes,2388
blüte,2383
glaubst,2382
einzeln,2372
öffentliche,2370
übertragen,2369
sitze,2364
erzählungen,2361
gegenseitig,2361
lebten,2359
benutzen,2358
gattung,2358
versteckt,2355
bereiten,2353
entdeckte,2351
drohte,2350
gewißheit,2350
errichtet,2349
papst,2348
indischen,2346
unterhalten,2345
rückte,2341
geschenkt,2339
unglückliche,2336
güter,2331
entfernen,2328
erleben,2327
erstes,2327
anerkennung,2326
falsche,2324
müßt,2323
zugrunde,2319
falschen,2318
mitteln,2318
würdig,2318
schätze,2314
vernichtet,2314
regelmäßig,2312
ausgesetzt,2311
gemeinschaft,2311
erschreckt,2310
vorgenommen,2310
gefolgt,2308
beiseite,2306
entfernte,2306
einführung,2305
äußern,2304
größerer,2304
eingetreten,2301
letzter,2301
töten,2301
stellten,2289
fassung,2288
zärtlich,2288
wißt,2287
bemüht,2285
erhielten,2285
behauptete,2283
gewinn,2283
drauf,2281
gegessen,2279
weißer,2276
moralischen,2275
stürzen,2271
aufgaben,2270
äußersten,2269
schuß,2269
abenteür,2268
gewaltig,2268
zeichnung,2265
zurückkehren,2264
viertelstunde,2263
anteil,2262
liefert,2262
österreich,2257
frühere,2256
fleißig,2254
mündung,2254
herausgegeben,2253
besitze,2251
nördlichen,2249
erstere,2246
italienischen,2246
getrunken,2242
verpflichtet,2242
bedeutenden,2240
rettung,2239
nachbar,2238
botschaft,2236
geschmückt,2236
schießen,2234
erbaut,2233
gerührt,2232
heiterkeit,2229
führung,2228
gebildeten,2228
erlaubnis,2223
geschlossenen,2223
behauptung,2222
schätzen,2220
gesetzen,2219
schuhe,2213
zähnen,2212
stammt,2211
schwierigkeit,2208
genügend,2204
besuche,2199
aufwärts,2196
aß,2195
vorgang,2191
bestimmtheit,2190
gegründet,2190
hübschen,2190
senkte,2190
wendung,2188
rührte,2187
veränderungen,2187
fähigkeit,2182
bahnhof,2178
verliert,2173
vergleichen,2172
angefangen,2171
seligkeit,2168
verwunderung,2168
kuß,2163
leuchtete,2162
prüfung,2162
begleitete,2159
gemach,2159
kennst,2158
öffentlich,2155
türken (the verb),2154
unterscheidet,2154
säulen,2153
einleitung,2151
abschnitt,2148
teilnahme,2147
rührt,2145
schädel,2143
vierte,2141
nachfolger,2138
teilte,2137
ergibt,2136
ersetzt,2136
aufnehmen,2135
vorhang,2134
einzelner,2132
gehalt,2132
gedruckt,2131
äußerlich,2130
teilweise,2125
bewahren,2124
venedig,2122
tüchtig,2121
rufe,2120
einiges,2117
ausgeschlossen,2116
ließe,2116
genügen,2115
einerseits,2114
griechische,2110
kaufleute,2108
befehle,2107
schöpfung,2105
empfang,2097
gleichwohl,2096
nachdenklich,2096
richtungen,2096
zählte,2096
gelöst,2091
geistliche,2089
ernstlich,2086
erhaltung,2084
übergeben,2081
vernehmen,2081
befindlichen,2080
hintergrund,2078
vorhandenen,2078
mehrzahl,2070
beziehen,2069
aufl,2068
unschuld,2066
schlage,2065
gründlich,2062
greifen,2061
bekanntlich,2059
möcht,2055
persönliche,2053
nachkommen,2052
ersteren,2050
gesammelt,2050
chinesischen,2049
gekauft,2048
merkwürdige,2048
spielten,2048
preise,2045
verehrung,2042
schweiß,2037
gemein,2035
lügen,2033
zuschaür,2033
leistungen,2032
aufrichtig,2028
ohnehin,2028
sohne,2025
beschäftigte,2024
frühjahr,2024
deutlicher,2017
lautet,2015
gewand,2014
stoß,2014
beweist,2012
abwesenheit,2011
braun,2008
pfad,2006
schauspieler,2006
berührte,2000
sätze,2000
gewinnt,1999
stiefel,1997
frühe,1996
gefängnis,1994
frühen,1991
gehörten,1991
herrscher,1991
gespannt,1987
vorzugsweise,1986
entsetzlich,1985
medizin,1984
mitglied,1983
westlichen,1980
gebieten,1979
ursprünglichen,1979
gesichte,1977
glücklicher,1977
trieben,1977
unterworfen,1974
gehörig,1972
fesseln,1971
absichten,1970
verbrecher,1970
richtet,1969
ähnliches,1968
anhänger,1968
gelehrte,1968
löste,1968
wissenschaftliche,1968
stückchen,1966
folglich,1964
kämpfe,1956
stücken,1956
veranlaßt,1955
aufstand,1954
dankte,1954
silbernen,1954
aufhören,1952
bestehenden,1950
erwähnte,1949
bedeckte,1945
zählen,1944
besorgen,1940
keinerlei,1931
ausdrücklich,1930
erweisen,1930
mannschaft,1930
brauch,1929
geschenke,1928
unbekannte,1928
gestützt,1927
begleitung,1926
beschrieben,1924
zweifeln,1923
einrichtungen,1922
gemeine,1922
erfolgte,1921
weißes,1921
fünfzehn,1920
zuge,1919
gehoben,1917
ähnlicher,1915
gewagt,1915
verbreitung,1915
angegeben,1914
schenkte,1912
abhängig,1910
südlich,1910
häuschen,1909
gefolge,1908
anordnung,1906
bestätigt,1902
untergang,1902
ergebnis,1901
öffnet,1900
voraussetzung,1900
iwanowitsch,1894
rannte,1894
verliebt,1893
beschäftigen,1888
gefährten,1887
abgrund,1885
vorbereitet,1884
wütend,1884
entfernten,1881
ausdrücken,1880
exzellenz,1879
zärtlichkeit,1879
üben,1878
zeichnen,1878
unabhängig,1877
verhältniß,1877
vertrag,1875
ausbruch,1874
untereinander,1874
malerei,1871
steilen,1871
aufgegeben,1870
jederzeit,1864
jahrhunderten,1862
gesandten,1861
ausgaben,1860
zweigen,1860
ähnlichkeit,1859
prächtigen,1859
äußerte,1857
befriedigt,1857
hinsichtlich,1853
eintrat,1849
schläft,1849
verzeihung,1849
kühn,1848
religiöse,1846
laub,1845
nachdenken,1844
erstens,1842
faßt,1841
schulen,1841
stehende,1840
zweitens,1837
fortsetzung,1836
wahrnehmung,1835
entsetzt,1833
ernsthaft,1831
häufiger,1830
einfluss,1829
betrieb,1828
gesehn,1828
königliche,1827
verwenden,1826
moralische,1823
paßt,1821
sittlichen,1820
katholischen,1816
zusammensetzung,1814
stoßen,1807
schreibtisch,1805
opfern,1804
erschüttert,1801
bürgermeister,1798
gewehr,1798
mühle,1797
angesichts,1794
beliebt,1793
deutete,1793
gesamten,1793
verließen,1793
gefühlt,1792
knien,1792
ehemaligen,1791
bände,1790
darfst,1789
würdest,1787
gebt,1784
schwebte,1783
nannten,1782
übernehmen,1781
schmerzlich,1778
einladung,1777
gespräche,1776
überwinden,1776
sieger,1775
ebenen,1771
stimmte,1771
autorität,1770
vorgestellt,1770
häuptling,1768
verletzt,1768
erwerben,1764
letzterer,1764
unterschiede,1764
untersuchen,1764
begründet,1759
unterstützt,1759
kannten,1758
nützlich,1756
präsident,1750
verbrannt,1750
stürzt,1746
verhältnismäßig,1744
verwundet,1744
wohnungen,1744
kühle,1739
östlichen,1739
erwähnen,1737
aufklärung,1735
fühlten,1735
teür,1733
hausfrau,1732
unternehmungen,1732
wäsche,1732
leiten,1731
verfolgte,1731
gesteckt,1729
hiermit,1729
angenehme,1728
jüngsten,1726
spreche,1725
setze,1723
trüben,1723
zeuge,1721
absichtlich,1719
benutzte,1719
gedrückt,1718
gefährlichen,1718
herkunft,1717
künftigen,1716
entziehen,1715
liegende,1714
füllte,1713
durchmesser,1712
einwirkung,1711
mächtiger,1711
preßte,1711
zuviel,1710
einfacher,1709
mahlzeit,1709
vorwürfe,1709
ersetzen,1708
gleichmäßig,1707
mißtraün,1707
einverstanden,1700
mehrfach,1700
begrüßte,1699
seitwärts,1699
verbreitete,1698
wesentliche,1698
worüber,1698
vermutlich,1697
erzogen,1695
nördlich,1695
spanische,1693
abwechselnd,1690
ergreifen,1690
hierüber,1690
tore,1690
vernichtung,1690
irgendeine,1688
vornehme,1687
bedaürn,1686
geheimnisse,1682
realität,1681
übersehen,1681
aufzunehmen,1680
mitteilung,1680
übers,1680
tapfer,1679
darstellt,1677
rollte,1676
verständlich,1676
nahezu,1674
deutsches,1672
jahreszeit,1672
gleichgewicht,1670
eingenommen,1667
kräftige,1667
fleiß,1666
vorfahren,1664
breiter,1663
gestört,1663
spätere,1663
unterrichtet,1663
flusses,1662
größter,1660
wofür,1660
ausgenommen,1659
schüchtern,1658
verwandtschaft,1658
frankreichs,1657
punkten,1654
schwefelsäure,1654
entgehen,1653
mögliche,1651
gleicht,1650
kehrten,1648
reißt,1648
wechseln,1648
angehörigen,1645
einerlei,1645
nachbarschaft,1645
überwunden,1645
ansprüche,1643
dreht,1643
arbeitet,1642
aufgeregt,1642
verbündeten,1642
anerkannt,1638
besatzung,1636
eingeschlossen,1636
erfaßt,1636
plätze,1636
übersetzung,1635
ehemals,1634
heutzutage,1632
türkischen,1627
vorkommt,1627
eindrücke,1626
vorgekommen,1626
ersatz,1624
geltung,1624
hoffentlich,1624
überflüssig,1623
drücken,1622
Gesetzes,1622
gesichtern,1622
lieblich,1621
steil,1620
übersetzt,1619
vorbereitungen,1619
bedeutete,1618
herrschaften,1618
stürzten,1617
einig,1616
letztes,1613
einfall,1611
erzeugen,1611
fliehen,1610
vergeben,1610
aufgeben,1609
gesamte,1609
entsprechen,1608
flusse,1608
lateinischen,1608
gleichem,1605
gewandt,1603
höchster,1603
vorzug,1602
künstlerischen,1601
stehend,1600
wanderung,1600
beamte,1599
auskunft,1597
beruhigt,1597
leistung,1597
grüßte,1596
stimmt,1593
befehlen,1590
nötigen,1589
umgegend,1588
flügeln,1587
überzeugung,1587
äußerste,1586
geschwister,1586
prächtige,1586
gezeichnet,1585
besinnen,1584
unterhalb,1584
lebensweise,1582
machst,1581
zeichnungen,1580
oberhalb,1578
viertel,1578
erschlagen,1577
angestellt,1576
vorschein,1576
schlusse,1575
schöpfer,1575
betrieben,1573
zurückzukehren,1570
daürt,1569
kühnen,1569
gläser,1567
behörden,1565
nehmt,1565
stößt,1565
steürn,1560
drittes,1559
berühmt,1558
denkst,1558
wächter,1555
anzug,1554
dummheit,1554
eingeladen,1554
sprecher,1551
französisch,1550
ungewöhnlich,1550
bewusstsein,1549
aufgeführt,1548
erlaubte,1548
kaufte,1548
erlösung,1546
fahrzeug,1546
gründung,1546
entsprechenden,1544
vornherein,1544
ernte,1543
verschwindet,1542
arbeitern,1541
zustimmung,1541
organischen,1540
zählt,1540
kartoffeln,1536
verfolgung,1536
achseln,1535
geschlechts,1534
küsten,1534
vollkommenheit,1533
angenehmen,1531
geschwind,1531
abschluß,1530
gefühlen,1530
bewohnt,1529
entgegengesetzten,1529
holländischen,1528
infolgedessen,1526
anstalten,1525
dauern,1524
empfehlen,1524
erhebung,1524
schnelligkeit,1524
übergang,1524
übernommen,1523
überraschung,1520
gedeihen,1518
gestiegen,1517
schlossen,1517
englisch,1516
erfolgen,1516
wahrer,1516
entschuldigung,1512
gespenst,1512
verhält,1512
grüßen,1511
braün,1509
wirtin,1507
wirtschaft,1507
zögernd,1507
könntest,1506
vollständige,1505
kolonien,1504
aufeinander,1503
merkwürdigen,1502
hierdurch,1501
verächtlich,1501
darstellungen,1500
löffel,1499
überlegte,1499
verrückt,1499
berichtete,1498
bezeichnete,1497
zumeist,1496
erhöht,1495
unterredung,1494
sitzend,1493
letzteres,1492
gefährliche,1489
geschöpfe,1489
schwimmen,1487
geschicklichkeit,1485
kürzlich,1485
abgeschlossen,1483
jüdischen,1483
triebe,1483
paß,1482
denkmal,1478
mitteilungen,1476
zweig,1476
daürnd,1474
säure,1473
ausgehen,1472
hölzernen,1472
gehüllt,1471
fähigkeiten,1470
nächtlichen,1469
amerikanische,1468
genötigt,1467
lernt,1467
eröffnet,1466
frischer,1463
tiefes,1463
schämte,1462
betrübt,1461
solltest,1460
zugeben,1459
aufgehört,1458
sicherer,1457
berechnet,1456
kanzler,1456
übernahm,1454
prächtig,1453
leichnam,1452
silbern,1450
bezeichneten,1447
haupte,1447
wahres,1446
verstehst,1445
bezieht,1444
angehört,1443
zwecken,1443
geschossen,1442
steh,1442
fischen,1441
künstlich,1440
sicheren,1440
leuchtet,1438
unerträglich,1437
fragten,1435
heutige,1435
unbewußt,1435
prüfen,1434
vornehmlich,1433
einbildungskraft,1431
gefangene,1430
flüsse,1426
geschlafen,1426
grundsatz,1426
aushalten,1425
bestimmter,1425
sittliche,1425
sänger,1424
leichtigkeit,1422
üblichen,1422
zuversicht,1422
zuflucht,1421
gewünscht,1419
gewahrte,1418
sinnlichen,1417
aufgelöst,1416
bereitet,1415
prinzipien,1415
unterm,1414
begründung,1413
gefecht,1413
erwecken,1412
militärischen,1410
zufriedenheit,1410
verläßt,1409
bleib,1408
geschützt,1408
beraubt,1404
erleichtert,1404
ernannt,1404
gesandt,1404
tanzte,1404
wohnten,1403
seitens,1402
drein,1401
zahlreich,1401
abgeschnitten,1400
büchse,1399
schüssel,1399
beiträge,1396
zerstörung,1396
ursprüngliche,1395
fließt,1394
mächte,1393
früherer,1391
gewollt,1390
verurteilt,1389
auszusprechen,1388
ausweg,1387
germanischen,1387
stützte,1387
beleuchtung,1386
sinnlichkeit,1386
aufsicht,1385
rührung,1385
überein,1383
gehör,1382
hervorgerufen,1380
stöhnte,1380
mitgeteilt,1378
österreichischen,1375
gewartet,1374
stießen,1374
erzählten,1373
unzählige,1373
völlige,1373
englischer,1372
berechnung,1367
komödie,1367
qualität,1367
eigentümliche,1366
deuten,1364
fußboden,1364
rittmeister,1364
fügen,1363
meinten,1362
lichtes,1361
bezüglich,1360
verteilt,1360
mitgliedern,1359
wirksamkeit,1357
auswahl,1356
säule,1356
vermöge,1356
wolltest,1355
eigentümlich,1351
entsprechende,1351
untersucht,1348
wehten,1348
urteilen,1347
aufforderung,1346
aufstehen,1345
fürchtet,1345
geschnitten,1345
ausführlich,1343
irgendeinem,1343
gehöre,1342
leidenschaftlich,1342
türkei,1342
empfindet,1340
umfaßt,1339
sächsischen,1338
liebenswürdig,1336
vorgehen,1335
brauchst,1332
erklärten,1332
weiterhin,1332
fortgesetzt,1328
preußische,1328
regungslos,1328
verteidigung,1327
aufzusuchen,1326
gefeiert,1326
günstige,1324
vorausgesetzt,1324
enttäuschung,1323
passiert,1321
stützen,1321
täuschen,1321
womöglich,1318
widerstehen,1317
abgenommen,1316
ansehung,1315
täuschung,1315
erfährt,1314
folgender,1314
geübt,1314
ausgedrückt,1313
gewerbe,1310
landschaften,1310
schlechtes,1310
fahrzeuge,1309
interessiert,1308
verbrennen,1308
geteilt,1306
stütze,1306
zurückgezogen,1305
bleichen,1304
vorne,1304
zweifelhaft,1304
bestätigte,1303
wahrscheinlichkeit,1303
chinesische,1301
geordnet,1300
verweilen,1300
aufbewahrt,1296
geträumt,1294
vorteile,1294
zeichnete,1294
zuhörer,1294
zusammengesetzt,1293
zweihundert,1292
künstlers,1291
mussten,1291
sitzung,1291
vereint,1291
vornehm,1291
französischer,1289
erwarteten,1288
angeführt,1287
unterstützen,1287
werkzeug,1287
siegel,1286
laube,1285
rieb,1285
erhitzt,1284
gleichheit,1284
vorzüge,1284
verkauf,1283
geschäften,1282
gestaltet,1280
gestürzt,1280
begrüßt,1279
entschließen,1279
gemeinden,1279
tapferkeit,1279
erlebnisse,1278
früchten,1277
gelaufen,1277
meinungen,1277
müdigkeit,1277
wählte,1276
abseits,1275
bearbeitung,1275
begrüßen,1275
schnelle,1274
gewohnten,1273
gleichgültigkeit,1273
grüße,1273
stühle,1273
möglichkeiten,1272
festigkeit,1270
zurückkehrte,1270
übergehen,1269
öffnung,1268
schreiten,1268
unfähig,1268
hintergrunde,1267
weißem,1264
preisen,1263
leuchteten,1262
schräg,1261
westlich,1261
schwebt,1260
ungleich,1260
zusatz,1260
fünften,1259
gegentheil,1259
vermehrung,1259
gesorgt,1258
versagt,1258
erkannten,1257
erzähle,1257
richtigkeit,1257
vereine,1257
italienische,1256
vollkommene,1253
wirtschaftlichen,1253
aufruhr,1252
gefäß,1252
beseitigt,1251
drittel,1251
kämpfte,1251
löcher,1249
ohnmächtig,1249
versetzen,1249
versuchten,1249
durchlaucht,1245
leichtes,1245
gestaltung,1243
gewahr,1243
mechanisch,1243
fahre,1242
unterschrift,1242
erschrecken,1241
glücklicherweise,1241
aufsatz,1240
gefehlt,1240
fürchterlich,1239
besinnung,1237
tüchtige,1237
identität,1236
störung,1236
seinerseits,1235
bedeutender,1234
gänge,1234
unsichtbar,1234
weckte,1234
sichtlich,1232
aufgestanden,1231
hieher,1231
schutze,1231
technischen,1229
gesichert,1225
unordnung,1224
gerücht,1223
versicherung,1223
neürer,1222
hieb,1221
schweben,1221
vorbereitung,1217
künstliche,1216
einfachheit,1215
erweckt,1215
erhaltenen,1214
vögeln,1214
besiegt,1213
letztern,1213
feuchtigkeit,1212
belebt,1211
gewidmet,1211
maßregeln,1208
physik,1208
anderthalb,1207
scheitel,1207
erwähnung,1205
geheimnisvolle,1205
eingehen,1204
mannigfaltigkeit,1204
gewaltiger,1202
unsichtbaren,1201
künstlerische,1200
engländern,1199
erlebnis,1198
geweckt,1198
schweizer,1198
üblich,1197
vielem,1197
dänemark,1196
höhlen,1196
bedenklich,1194
brannten,1194
angehören,1193
unweit,1193
gefühls,1192
rechenschaft,1192
branntwein,1191
höherer,1191
vergißt,1190
fügt,1189
unterdrücken,1189
steür,1188
ausdrücke,1186
betrachteten,1186
überschritten,1186
gebrauche,1185
liebenden,1185
süßer,1185
heißer,1184
kohlensäure,1184
zahllosen,1184
baute,1183
beschluß,1183
bestimmtes,1183
rechtzeitig,1183
durchschnitt,1182
kleinigkeit,1182
vertrieben,1182
vereins,1181
bleiche,1180
beruhigte,1179
präsidenten,1179
verleihen,1179
teilt,1178
einsehen,1177
gleichviel,1177
nachdruck,1176
arbeiteten,1174
annäherung,1173
aufhalten,1173
besaßen,1173
beschaffen,1173
geheftet,1173
eigentümlichen,1172
gewässer,1172
übereinstimmung,1171
ausführen,1170
übung,1170
porträt,1169
steinernen,1168
strauß,1168
hübsches,1167
aufsehen,1166
halbinsel,1166
ihrerseits,1166
korrigiert,1166
zögerte,1166
folgend,1165
entsetzliche,1164
mitnehmen,1164
studierte,1164
rauchen,1162
erweitert,1161
geschütze,1161
hilf,1161
vorhaben,1161
aussieht,1160
gefangenschaft,1160
ziehe,1160
lehrte,1159
verliehen,1159
selbständig,1158
entrüstung,1157
jünglinge,1157
nachgewiesen,1157
einw,1156
genüge,1156
überließ,1156
verknüpft,1156
unterhielt,1155
unzweifelhaft,1155
bestürzt,1154
festgehalten,1153
geschehn,1153
möbel,1153
zugegen,1153
polnischen,1152
zusammentreffen,1152
brüllte,1151